피처,모델,Train CV,Valid,Train CV (불확실 제외),Valid (불확실 제외)
핵심+충전,Ridge,7.03,19.59,8.69,10.51
핵심,PLS,7.23,23.57,8.08,10.94
핵심+충전,ElasticNet,7.29,20.87,8.23,10.64
핵심,Ridge,7.3,22.52,8.07,10.78
핵심,ElasticNet,7.4,21.2,8.15,10.6
핵심+요약값,ElasticNet,7.59,22.07,8.34,12.21
구간분산만,ElasticNet,7.66,21.8,7.51,7.72
구간분산만,Ridge,7.91,23.84,7.85,8.36
핵심+구간분산,ElasticNet,7.93,21.45,7.55,8.12
핵심+구간분산,Ridge,7.99,23.32,7.87,8.37
핵심+요약값,Ridge,8.4,23.77,9.15,14.34
핵심,GaussianProcess,9.19,10.48,8.88,11.08
핵심,GradientBoosting,9.55,9.84,9.59,12.85
핵심,RandomForest,9.88,10.67,9.69,10.76
핵심,XGBoost,9.97,9.52,9.9,13.06
핵심,LightGBM,11.52,6.99,11.56,11.64
