cid,batch,policy,newstructure,cycle_life,censored,end_QD,label_uncertain,dq_logvar,dq_logmean,dq_logmin,dq_skew,dq_kurt,QD_slope,IR,Tavg,Tmax,chargetime,C1,switch,C2,avgC
b1c0,b1,3.6C(80%)-3.6C,False,1190.0,False,1.0266883999999998,True,-5.05152650567645,-2.55371224415354,-2.050261434472745,-0.7267026025752379,-0.9099969335087681,0.01633613790970879,0.016619267,31.566971697416967,35.35358,13.358211666666708,3.6,80.0,3.6,3.6
b1c1,b1,3.6C(80%)-3.6C,False,1179.0,False,1.03872115,True,-5.135776157670656,-2.4280265050760232,-2.045149878424103,-0.3169564817656039,-1.0385468962864224,0.005969585652430786,0.016922649999999997,31.258835086995443,34.137924,13.341623333333215,3.6,80.0,3.6,3.6
b1c2,b1,3.6C(80%)-3.6C,False,1177.0,False,1.0435916,True,-4.951882733169134,-2.383162523225907,-1.986994080593585,-0.43748325865268534,-1.173738988697314,0.010295865182425567,0.016768869999999998,31.406702352569752,34.52742,13.341569999999773,3.6,80.0,3.6,3.6
b1c3,b1,4C(80%)-4C,False,1226.0,False,0.972496595,True,-4.386347705983305,-2.1047481217892483,-1.7033213351118928,-0.4763294264106879,-1.1242193497929414,0.014359523809522861,0.016314978,29.84754823539978,30.585636,12.092243333333318,4.0,80.0,4.0,4.0
b1c4,b1,4C(80%)-4C,False,1227.0,False,1.0219841,True,-4.604779244757431,-2.202790219051812,-1.8373966800088448,-0.34918471190495554,-1.361163641918983,0.016662645640070826,0.0166772445,31.367527119565263,34.341938,12.092204999999861,4.0,80.0,4.0,4.0
b1c5,b1,4.4C(80%)-4.4C,False,1074.0,False,0.8847176999999999,False,-4.155832104301828,-1.9379809711187899,-1.5836357259876548,-0.14129639445225983,-1.1923633339072701,0.008575949288801723,0.016273551,30.819317383912274,32.907345,10.91741500000062,4.4,80.0,4.4,4.4
b1c6,b1,4.8C(80%)-4.8C,False,636.0,False,0.886959555,False,-3.771282900446616,-1.7913997328657654,-1.4142291992982903,-0.39345568763987226,-1.2100197715704937,-0.00719831045145128,0.016664638,32.22769727735856,35.802235,10.008315000000099,4.8,80.0,4.8,4.8
b1c7,b1,4.8C(80%)-4.8C,False,870.0,False,0.88572794,False,-3.8218343867297078,-1.7846161190977377,-1.4288569192482274,-0.3087005454831751,-1.1124070144676745,-0.009604012368583473,0.016208507,31.948692868224295,35.308605,10.009005000000373,4.8,80.0,4.8,4.8
b1c8,b1,5.4C(40%)-3.6C,False,879.0,False,0.971677455,True,-3.942349573548498,-1.8634168562849787,-1.4993339988115946,-0.33715544974169315,-1.2692716730782143,0.0043846258503383905,0.016721431,32.04942305234662,34.444057,11.20847000000067,5.4,40.0,3.6,4.32
b1c9,b1,5.4C(40%)-3.6C,False,1054.0,False,0.885548145,False,-3.9786447664056386,-1.9135110920924339,-1.528094578572831,-0.459564788048643,-1.2049044920588108,0.017623786023499996,0.016842652,32.60532403173157,35.965672,11.208363333333303,5.4,40.0,3.6,4.32
b1c10,b1,5.4C(50%)-3C,False,906.0,False,0.963485625,True,-3.9954169215933923,-1.9435028266262984,-1.5479189039084729,-0.5061403217920998,-1.2758686864126154,0.02484518738404087,0.016564669,33.15098668425846,36.846054,11.652169999999993,5.4,50.0,3.0,4.153846153846154
b1c11,b1,5.4C(50%)-3C,False,788.0,False,0.8853409,False,-4.099071517851837,-2.0455925334055367,-1.598897340840833,-0.6055151015258434,-1.1836510200124981,0.021122701298695874,0.0161848515,32.700295984432266,36.227871,11.652381666667255,5.4,50.0,3.0,4.153846153846154
b1c12,b1,5.4C(50%)-3.6C,False,902.0,False,0.9173923150000001,False,-4.076072056924014,-1.9312673716765685,-1.5493717103066238,-0.34441737958053326,-1.17429328132786,0.011667894867039865,0.016434561,33.423684964684114,37.353298,10.65295333333294,5.4,50.0,3.6,4.5473684210526315
b1c13,b1,5.4C(50%)-3.6C,False,897.0,False,0.9272821849999999,False,-4.0263153090511254,-1.8767593498010404,-1.5288118556412051,-0.14002442108365776,-1.2572304923227515,0.0034091280148450883,0.017032826,32.03598200646357,34.606346,10.65265833333348,5.4,50.0,3.6,4.5473684210526315
b1c14,b1,5.4C(60%)-3C,False,880.0,False,0.88406676,False,-4.048738886513733,-1.9232256932913123,-1.5481536730053467,-0.2634752841050489,-1.298233222446471,0.023674999381563446,0.016964767,33.01143538440852,36.59877,10.763341666666626,5.4,60.0,3.0,4.500000000000001
b1c15,b1,5.4C(60%)-3C,False,719.0,False,0.88806635,False,-4.025167590102825,-1.9624768578613334,-1.5401256181623297,-0.4664676562056214,-1.2281123797806603,0.025868698824984944,0.016799783,33.09224619604321,37.010559,10.763519999999941,5.4,60.0,3.0,4.500000000000001
b1c16,b1,5.4C(60%)-3.6C,False,862.0,False,0.88619292,False,-4.101591309254797,-1.90118287491203,-1.5594277738622802,-0.08224682533019421,-1.237678780181304,0.020691450834867304,0.016700174499999998,32.351221774255514,35.770386,10.09699833333337,5.4,60.0,3.6,4.800000000000001
b1c17,b1,5.4C(60%)-3.6C,False,857.0,False,0.88749844,False,-3.997218107234343,-1.9009981247190608,-1.5195208556855826,-0.2997156188803044,-1.2846575666180347,0.0166201546072958,0.016683105,31.9939716042831,35.385391,10.103795000000051,5.4,60.0,3.6,4.800000000000001
b1c18,b1,5.4C(70%)-3C,False,691.0,False,0.884097755,False,-3.664001737186456,-1.6950007535072418,-1.3630779264684996,-0.06537570497015188,-1.383117457557724,-0.04812017316018198,0.019886132,31.71161644383056,35.434071,9.957751666666688,5.4,70.0,3.0,4.90909090909091
b1c19,b1,5.4C(70%)-3C,False,788.0,False,0.8850821550000001,False,-3.6343701367071035,-1.7078751478443899,-1.350035823838756,-0.2890597420994057,-1.3148165158702336,-0.010977222016083683,0.016325571,33.02017593106701,36.838898,9.957913333333272,5.4,70.0,3.0,4.90909090909091
b1c20,b1,5.4C(80%)-5.4C,False,534.0,False,0.8868585250000001,False,-3.363507130071331,-1.480610510150828,-1.2038665836444875,0.2557789609088581,-1.0898909258045546,-0.1435513667285202,0.0151654865,32.11258446685879,34.929241,9.006340000000394,5.4,80.0,5.4,5.4
b1c21,b1,5.4C(80%)-5.4C,False,559.0,False,0.889973075,False,-3.3422972190384663,-1.509413752037642,-1.190852909395032,-0.09599544059877287,-1.1488812926670497,-0.08577518985776449,0.0151120665,33.086142940839714,36.827511,8.985736666666586,5.4,80.0,5.4,5.4
b1c22,b1,6C(30%)-3.6C,False,891.0,False,0.966066125,True,-3.940387625045175,-1.8281546420873682,-1.488286084656502,-0.12431802231366038,-1.2788196010093191,-0.007666131106996223,0.016594604,32.77814718665466,36.624649,11.43029333333349,6.0,30.0,3.6,4.235294117647059
b1c23,b1,6C(30%)-3.6C,False,1014.0,False,0.8852852849999999,False,-4.029666035704335,-1.870661266251375,-1.5244336066931528,-0.12334341519859611,-1.244859507344768,-0.00789695485466866,0.016829848,31.92229278765885,34.845608,11.430255000000004,6.0,30.0,3.6,4.235294117647059
b1c24,b1,6C(40%)-3C,False,1017.0,False,0.884673985,False,-3.9250816786805744,-1.8475788599030754,-1.4880158027614023,-0.3245988046886833,-1.2772125991334478,0.002510926406931441,0.016575195,33.36125883258317,36.842693,12.098313333333742,6.0,40.0,3.0,4.0
b1c25,b1,6C(40%)-3C,False,854.0,False,0.88479051,False,-3.9972287132910425,-1.8866245916849083,-1.5156434615482994,-0.34649363043270937,-1.2510345515622412,-0.0006315646258483098,0.016592251,33.818621359592235,37.965492,12.09737499999998,6.0,40.0,3.0,4.0
b1c26,b1,6C(40%)-3.6C,False,870.0,False,0.88582951,False,-3.776006370634551,-1.739538663957709,-1.4068805367492165,-0.12343656114125279,-1.2733408671859159,-0.014632604823747529,0.016286567,33.13189976172951,36.478378,10.765060000000327,6.0,40.0,3.6,4.5
b1c27,b1,6C(40%)-3.6C,False,842.0,False,0.886821835,False,-3.8339084154439664,-1.7966109805973804,-1.435252504140078,-0.29744779638445606,-1.2301666379763128,-0.011146581323439075,0.016091034,33.872707935886,37.510441,10.763831666666677,6.0,40.0,3.6,4.5
b1c28,b1,6C(50%)-3C,False,860.0,False,0.8845328100000001,False,-3.829274655012454,-1.7650951889534685,-1.4213913125307793,-0.14019608763400415,-1.253101341928139,-0.008702429189857855,0.016677085,33.75822101473294,37.503998,11.178876666666474,6.0,50.0,3.0,4.363636363636364
b1c29,b1,6C(50%)-3C,False,917.0,False,0.884415655,False,-3.8246334539101077,-1.772413927756428,-1.4272987466248848,-0.14122285665008763,-1.284826671046729,-0.006112389610380754,0.016537232,32.67099526443202,35.369377,11.179469999999856,6.0,50.0,3.0,4.363636363636364
b1c30,b1,6C(50%)-3.6C,False,709.0,False,0.88663569,False,-3.7483119064016144,-1.749462447008759,-1.3900579606401087,-0.2690043630808585,-1.2351590425315913,-0.01777179962894949,0.016003853,33.51565886392693,36.798958,10.09681166666669,6.0,50.0,3.6,4.800000000000001
b1c31,b1,6C(50%)-3.6C,False,876.0,False,0.886429725,False,-3.76971394290969,-1.7337014980797565,-1.3966115264661703,-0.10029300976124196,-1.2414052732975414,-0.026977009276438504,0.016865432,30.34183269795534,30.673065,10.096814999999818,6.0,50.0,3.6,4.800000000000001
b1c32,b1,6C(60%)-3C,False,731.0,False,0.88531801,False,-3.6475238217307786,-1.6788640399062527,-1.33811315000358,-0.13939179368308938,-1.2810164081254085,-0.013620293135435004,0.016162833,33.04941632723948,36.212955,10.096439999999953,6.0,60.0,3.0,4.800000000000001
b1c33,b1,6C(60%)-3C,False,757.0,False,0.88402477,False,-3.668253214351233,-1.6666331810063928,-1.3490054507290534,0.07968492403720542,-1.2357215984420555,-0.02284389115646005,0.016488729,33.64032455514022,37.714432,10.096583333333305,6.0,60.0,3.0,4.800000000000001
b1c34,b1,7C(30%)-3.6C,False,742.0,False,0.88845676,False,-3.843103835917253,-1.784954097537409,-1.4251085145485836,-0.12984674365657425,-1.1972733212323619,-0.001015161410015796,0.016857415,32.62002792766739,36.145824,11.001284999999916,7.0,30.0,3.6,4.401746724890829
b1c35,b1,7C(30%)-3.6C,False,703.0,False,0.885800065,False,-3.759319457975976,-1.732670882491285,-1.3988548768548348,-0.08768049532643944,-1.29762774857787,0.002187088435373251,0.016958555,32.03515981278966,34.878029,11.001281666666667,7.0,30.0,3.6,4.401746724890829
b1c36,b1,7C(40%)-3C,False,704.0,False,0.886669455,False,-3.65615878883991,-1.6688923070151103,-1.34763214378522,-0.015655537161848032,-1.3021604806589417,-0.008868058132345357,0.016428975,32.01632083484572,33.948322,11.52468333333333,7.0,40.0,3.0,4.2
b1c37,b1,7C(40%)-3C,False,648.0,False,0.88897702,False,-3.6600036122972632,-1.7052473973237876,-1.349434869372297,-0.2205501419268106,-1.2886953448041596,-0.011273222016075874,0.016540263,32.91670765451218,36.01952,11.524764999999995,7.0,40.0,3.0,4.2
b1c38,b1,7C(40%)-3.6C,False,617.0,False,0.885194715,False,-3.4325733462933345,-1.5682134804005659,-1.2387435733580296,-0.04937203124437685,-1.3409768915392206,-0.01012965491651306,0.016196873,33.689996935041165,37.359093,10.193719999999969,7.0,40.0,3.6,4.754716981132075
b1c39,b1,7C(40%)-3.6C,False,625.0,False,0.88581401,False,-3.507486222041217,-1.6123416281166276,-1.2678212736969623,-0.14264054498385528,-1.27010935717558,-0.004355492888064044,0.016678439,33.496211521901266,37.425632,10.274616666666892,7.0,40.0,3.6,4.754716981132075
b1c40,b1,8C(15%)-3.6C,False,966.0,False,0.885416745,False,-4.09069207383316,-1.9029623206345088,-1.5463603523275369,-0.20948148446317102,-1.2152819256956615,-0.009240304267165414,0.016673233,33.44210184234233,37.772625,12.054698333333363,8.0,15.0,3.6,4.013937282229966
b1c41,b1,8C(15%)-3.6C,False,1051.0,False,0.88438186,False,-4.063684103101216,-1.9120498775591763,-1.0289516658664888,-0.8271773429187614,4.370899142816603,-0.001162601113176278,0.016742818,33.05365605992836,36.819073,12.054646666666182,8.0,15.0,3.6,4.013937282229966
b1c42,b1,8C(25%)-3.6C,False,702.0,False,0.88471305,False,-3.670301164204065,-1.671216112973955,-1.3486829124767143,-0.0004669847242842862,-1.2597156466344561,0.0009975559678456307,0.016713146,33.567920671804195,37.708351,11.138530000000417,8.0,25.0,3.6,4.347169811320755
b1c43,b1,8C(25%)-3.6C,False,651.0,False,0.8858104950000001,False,-3.665037198526454,-1.7104793951481827,-1.3423770129194077,-0.2240162055443643,-1.3156192782509655,-0.02490475448361532,0.01610462,33.31609143036837,36.827,11.138113333333118,8.0,25.0,3.6,4.347169811320755
b1c44,b1,8C(35%)-3.6C,False,616.0,False,0.88532892,False,-3.422325446785457,-1.5334508192888334,-1.2333459526566974,0.14798084973516484,-1.2802584997972972,-0.034570841063702874,0.017402867,32.527535071294594,35.845242,10.22140833333348,8.0,35.0,3.6,4.7407407407407405
b1c45,b1,8C(35%)-3.6C,False,599.0,False,0.8865638650000001,False,-3.4231969078757474,-1.5347971130716593,-1.2321222779177947,0.12554701108526536,-1.280475118990162,-0.013921978973410874,0.016666809,32.984174043639676,36.723297,10.221549999999842,8.0,35.0,3.6,4.7407407407407405
b2c0,b2,5.2C(58%)-4C,False,477.0,False,0.83584696,False,-3.576617485456086,-1.626362616644314,-1.2995569299785308,-0.001055440256209417,-1.2287793557217523,0.016291013605435712,0.017348878,31.799219003666007,35.372746,10.173188333333625,5.2,58.0,4.0,4.803695150115474
b2c1,b2,5.6C(26%)-4.5C,False,491.0,False,0.837922335,False,-3.3016738831536765,-1.4433289727647507,-1.1707618686359438,0.343777794552968,-1.1205861288782486,-0.03126743475571836,0.017505936,33.627182096905216,36.433281,10.176856666666572,5.6,26.0,4.5,4.8068669527897
b2c2,b2,5.2C(50%)-4.25C,False,424.0,False,0.83954656,False,-3.60675812505019,-1.670956295420809,-1.3314786740392734,-0.06975642790353294,-1.3689049625347,-0.00845098577613049,0.016449537,33.1955179122312,37.47139,10.174891666667342,5.2,50.0,4.25,4.797829036635007
b2c3,b2,4.65C(44%)-5C,False,499.0,False,0.8456750500000001,False,-3.630630823732642,-1.7429887713321774,-1.3182801139867597,-0.52148412301454,-1.0757787958086444,0.0777871743970262,0.015905565,33.98161943355816,38.77632017063943,10.173140000000421,4.65,44.0,5.0,4.80123902942695
b2c4,b2,4.65C(69%)-6C,False,444.0,False,0.838908075,False,-3.336556830366991,-1.4937442189624675,-1.1941017578283328,0.14008381634548006,-1.2729606212520692,-0.0684313005565904,0.016131761,33.07318253673964,37.414394,10.229923333332408,4.65,69.0,6.0,4.798452112221864
b2c5,b2,3.6C(30%)-6C,False,416.0,False,0.8309194449999999,False,-3.0815388411301936,-1.3306990098418612,-1.0641022095589696,0.3539541617336494,-1.04056384893629,-0.19636551020408466,0.015238014,32.98248914246352,37.647213,10.201064999999168,3.6,30.0,6.0,4.800000000000001
b2c6,b2,3.6C(9%)-5C,False,393.0,False,0.84551552,False,-3.6824114000029273,-1.730813864667188,-1.3612676314879202,-0.26784743082328627,-1.306544979175295,0.06138032838590308,0.016008791,33.791299356677115,39.711826,10.179401666667157,3.6,9.0,5.0,4.790419161676647
b2c7,b2,4.8C(80%)-4.8C,True,777.0,False,0.83675575,False,-4.436969320850394,-2.128629590811267,-1.7506594432734206,-0.25786491651870463,-1.3282182836689775,0.0511762455163956,0.014786606,33.76497089292143,37.142246,10.035609999999481,4.8,80.0,4.8,4.8
b2c8,b2,5.2C(58%)-4C,True,904.0,False,0.83177948,False,-4.048784293808806,-1.9175038937598843,-1.4156420938998644,-0.596431803255377,-0.485738304838625,-0.022606645021654458,0.01646602,33.6280066820834,35.69222849670803,10.039828333334299,5.2,58.0,4.0,4.803695150115474
b2c9,b2,5.6C(26%)-4.5C,True,791.0,False,0.836999355,False,-4.074233870940575,-1.9056701458499943,-1.4396244995094785,-0.40087466361056007,-0.7843413655059588,-0.03250503648733047,0.015403836,32.334769888870795,33.600475,10.040233333333406,5.6,26.0,4.5,4.8068669527897
b2c10,b2,4.8C(80%)-4.8C,False,492.0,False,0.8359584250000001,False,-3.5260229529375176,-1.5680430460731458,-1.2839126023070369,0.2969874162139029,-1.1743697197072103,0.047796168212740985,0.01704818,31.73298002338138,34.33578360866528,10.17084500000031,4.8,80.0,4.8,4.8
b2c11,b2,5.2C(50%)-4.25C,False,449.0,False,0.839575885,False,-3.414759717766357,-1.5768640213436853,-1.2329233083052953,-0.1492706041005725,-1.331417544671421,0.10690012183054859,0.017202089,33.173304895742966,38.00883090321228,10.173753333333298,5.2,50.0,4.25,4.797829036635007
b2c12,b2,4.65C(44%)-5C,False,466.0,False,0.8343510300000001,False,-3.2522073393650883,-1.4275804283909248,-1.1575759441421962,0.298755302134585,-1.2099177739783968,0.03081259987631374,0.016500052,31.36205291461498,33.488228,10.174634999999155,4.65,44.0,5.0,4.80123902942695
b2c13,b2,4.65C(69%)-6C,False,460.0,False,0.8367219850000001,False,-3.2584585026502135,-1.4266753417373754,-1.161089045234272,0.31150935557909637,-1.1875146255862137,-0.011176204700061795,0.016024956,31.97646643833542,35.029217,10.21302999999995,4.65,69.0,6.0,4.798452112221864
b2c14,b2,3.6C(30%)-6C,False,426.0,False,0.8324742949999999,False,-3.132837015987658,-1.3633834122915116,-1.09620988783927,0.2983796908183315,-1.0953727282475787,-0.10179466666666584,0.016185988,32.13709390542188,35.142332546555636,10.241060000000289,3.6,30.0,6.0,4.800000000000001
b2c15,b2,3.6C(9%)-5C,False,396.0,False,0.839981315,False,-3.417111677638004,-1.5725213776301243,-1.2429348931603779,-0.14223403299714113,-1.3543223551486394,0.09360367408781846,0.016234431,32.85630869612978,36.044205,10.174996666668449,3.6,9.0,5.0,4.790419161676647
b2c16,b2,4.8C(80%)-4.8C,False,472.0,False,0.83638352,False,-3.4844725163377186,-1.5749258343072134,-1.2671373786377296,0.08953872248476906,-1.2785873863864294,-0.013786947433523775,0.017480344,32.77962567049275,36.96709367982115,10.171568333332349,4.8,80.0,4.8,4.8
b2c17,b2,5.6C(26%)-4.5C,False,471.0,False,0.837640015,False,-3.4600966764528565,-1.593428207120148,-1.2593795577968812,-0.16877156118027947,-1.2758129080112226,0.038058353741490955,0.017060153,33.01904714673025,34.751171,10.17710500000006,5.6,26.0,4.5,4.8068669527897
b2c18,b2,5.2C(50%)-4.25C,False,449.0,False,0.84053308,False,-3.5827482046768155,-1.7202632667340896,-1.3410721608006149,-0.3584214365782245,-1.3726068746974855,0.11110718862089462,0.016633099,32.91137001003535,36.363369,10.173984999999327,5.2,50.0,4.25,4.797829036635007
b2c19,b2,6C(60%)-3C,False,392.0,False,0.84281272,False,-3.2921639677943495,-1.4626984477259537,-1.17994301671728,0.17089096061980777,-1.2736076780832428,0.02208906555349795,0.016701423,32.788666691536235,36.57684299512419,10.174568333333445,6.0,60.0,3.0,4.800000000000001
b2c20,b2,5.2C(58%)-4C,False,489.0,False,0.84067756,False,-3.4077735763193697,-1.5903541745647878,-1.2221303601305957,-0.39128017608437793,-1.1205085945799993,0.029668416821270912,0.016592262,33.64657813789262,36.79443515156847,10.172901666666924,5.2,58.0,4.0,4.803695150115474
b2c21,b2,6C(60%)-3C,False,408.0,False,0.84020954,False,-3.332035475365151,-1.476067502712693,-1.192566526392411,0.23380406279997834,-1.23571369758216,0.03176231910946077,0.017184095,33.62412356593225,38.72297559351446,10.174735000000025,6.0,60.0,3.0,4.800000000000001
b2c24,b2,4.8C(80%)-4.8C,False,514.0,False,0.839305755,False,-3.5813832446539684,-1.6189753519798353,-1.311131237849046,0.08522707953128207,-1.2435161772110546,0.04140229499072083,0.016495604,33.21798237103504,38.091522,10.16985833333456,4.8,80.0,4.8,4.8
b2c25,b2,5.2C(58%)-4C,False,493.0,False,0.840152885,False,-3.537856154199935,-1.614814648802025,-1.2920907639733645,-0.019103018260189553,-1.3430322177796992,0.03919962399505164,0.016720142,32.24301854287195,34.389709,10.173028333333786,5.2,58.0,4.0,4.803695150115474
b2c26,b2,5.6C(26%)-4.5C,False,450.0,False,0.8322528,False,-3.096429813527223,-1.3721049653260027,-1.0747104677782016,0.059638607572756165,-1.1869903104594952,-0.011175172541752147,0.017640542,34.238781459464406,37.701433146017074,10.177568333333571,5.6,26.0,4.5,4.8068669527897
b2c27,b2,5.2C(50%)-4.25C,False,474.0,False,0.8384888450000001,False,-3.5581874083327567,-1.6356279215848364,-1.314576543635325,-0.03581590444675971,-1.3675228073019647,0.08455668583797234,0.017579954,33.319305097566286,38.042976,10.174634999999641,5.2,50.0,4.25,4.797829036635007
b2c28,b2,4.8C(80%)-4.8C,False,437.0,False,0.8404927550000001,False,-3.414495916477753,-1.550069732689061,-1.2415230816490956,0.04120086205861874,-1.3720291906001394,0.058013922077926876,0.016234331,32.157921338288666,35.33018416819798,10.17329833333303,4.8,80.0,4.8,4.8
b2c29,b2,5.2C(58%)-4C,False,452.0,False,0.83541742,False,-3.493027891178068,-1.5869883846024917,-1.2743670629183066,0.04325203401659179,-1.3613647599779142,0.1189491713048819,0.016724298,31.82218124832208,34.457729,10.172915000000891,5.2,58.0,4.0,4.803695150115474
b2c30,b2,5.6C(26%)-4.5C,False,412.0,False,0.84142238,False,-3.1882342588761725,-1.401698780860667,-1.1241910540544313,0.2692740750272953,-1.1982336698024716,-0.08105519418676735,0.016803751,33.814491724369454,37.33594290425341,10.179339999999987,5.6,26.0,4.5,4.8068669527897
b2c31,b2,5.6C(26%)-4.5C,False,425.0,False,0.83703962,False,-2.9999535862850513,-1.371895960095779,-0.9173952196489987,-0.5082329711442316,-0.5715318486659786,0.039566463821882794,0.016291203,33.42111686002277,35.692306558735936,10.178381666667216,5.6,26.0,4.5,4.8068669527897
b2c32,b2,4.8C(80%)-4.8C,True,809.0,False,0.835436255,False,-4.102907149217756,-1.8692085729266559,-1.5567465924499628,0.21605681827009024,-1.0277206968216908,-0.05627565120593929,0.014792889,32.17184286740253,33.9031977046804,10.04089833333322,4.8,80.0,4.8,4.8
b2c33,b2,5.2C(58%)-4C,True,1140.0,False,0.83055216,False,-4.278157769642239,-1.9679458480719374,-1.6428410743927324,0.27670980220227426,-0.9691771355250873,-0.08347015213358128,0.014988063,32.75244488333857,34.241764,10.039278333333398,5.2,58.0,4.0,4.803695150115474
b2c34,b2,5.6C(26%)-4.5C,True,1186.0,False,0.82997188,False,-4.442689185551149,-2.0806853738545272,-1.7124174767257279,-0.137596595316852,-0.8808184133846311,-0.053727504638210036,0.014947636,35.67532696418256,38.952343,10.040186666666704,5.6,26.0,4.5,4.8068669527897
b2c41,b2,5.6C(26%)-4.5C,False,442.0,False,0.83761531,False,-3.1908385161139434,-1.4236102482698334,-1.1136276732241124,0.004106163891706462,-1.1868034662993323,0.025878476190470744,,30.21190845333967,32.64987436888579,10.177141666666527,5.6,26.0,4.5,4.8068669527897
b2c42,b2,5.2C(50%)-4.25C,False,474.0,False,0.8368206,False,-3.408099414569885,-1.500925864346233,-1.2401790470779759,0.30120416667205024,-1.206087679683155,0.08696242918986485,,31.73106848578076,35.60678045656034,10.175185000000056,5.2,50.0,4.25,4.797829036635007
b2c43,b2,4.8C(80%)-4.8C,True,1029.0,False,0.8335288750000001,False,-4.298837720482303,-2.1231315726086435,-1.7323487559411637,0.3354094025088262,-0.9571846378071718,-0.07369164811379358,,33.919838924819175,37.09064266312057,10.03683833333295,4.8,80.0,4.8,4.8
b2c44,b2,5.2C(58%)-4C,True,841.0,False,0.83253491,False,-4.373031890794826,-2.0461920840579366,-1.6828472467814035,-0.2467079813957472,-0.9757749892363492,-0.025863157699440968,,33.96915338566803,36.971889,10.04033000000054,5.2,58.0,4.0,4.803695150115474
b2c45,b2,5.6C(26%)-4.5C,True,997.0,False,0.8364596950000001,False,-4.264289244940207,-1.9950284397587708,-1.6193870348728268,-0.28844933532006545,-0.9162848472812155,-0.05917685837971637,,35.27689483051215,37.897650154460536,10.040363333333516,5.6,26.0,4.5,4.8068669527897
b2c46,b2,4.8C(80%)-4.8C,False,503.0,False,0.8376874599999999,False,-3.5775201350196184,-1.6376241239825144,-1.3109483427872188,-0.0010045065474829533,-1.275978928717181,0.019798761904763082,,29.84981627296423,30.950703,10.169801666667142,4.8,80.0,4.8,4.8
b3c0,b3,5C(67%)-4C,True,1009.0,False,0.885573505,False,-4.232672662805281,-1.984597058499004,-1.6271699798394041,-0.18675345575722668,-1.1863457991117574,-0.005625142857147677,0.015232213,32.17311748654524,33.540382,10.042381666666673,5.0,67.0,4.0,4.804804804804805
b3c1,b3,5.3C(54%)-4C,True,1063.0,False,0.884172855,False,-4.248604843132753,-2.0008721157196394,-1.6373142109052816,-0.2632601355085377,-1.1465173691964738,-0.015027703772421212,0.01497373,34.825948205381735,37.999934361617576,10.041276666666574,5.3,54.0,4.0,4.7936687394007915
b3c2,b3,5.6C(19%)-4.6C,True,1267.0,False,0.8818636799999999,False,-4.454978292843555,-2.135785778142024,-1.714915654150811,-0.5604212252376474,-0.7686737800194727,-0.020349445269017427,0.014615634,36.782882183852564,40.479649,10.043701666666312,5.6,19.0,4.6,4.803729603729604
b3c3,b3,5.6C(36%)-4.3C,True,1115.0,False,0.883527575,False,-4.119550954352129,-1.9558087806192503,-1.5661764820919957,-0.46496289557344284,-1.0182358646191776,-0.012653162646873812,0.014999975,36.06830316612221,39.449645663816135,10.04134666666602,5.6,36.0,4.3,4.8015952143569285
b3c4,b3,5.6C(19%)-4.6C,True,1048.0,False,0.8830325,False,-4.191086917521082,-1.9940747147921278,-1.6104092229980247,-0.3992593678426609,-1.1175252755089269,-0.005391931972792039,0.015128483,32.10085793038442,32.96263391373208,10.045795000000119,5.6,19.0,4.6,4.803729603729604
b3c5,b3,5.6C(36%)-4.3C,True,828.0,False,0.885604915,False,-4.096562812015636,-1.9187518070692613,-1.5800066294471036,-0.15360267363145677,-1.2852366027363327,-0.016115432900431395,0.015176915,35.45367843309752,39.71212,10.042009999999815,5.6,36.0,4.3,4.8015952143569285
b3c6,b3,3.7C(31%)-5.9C,True,667.0,False,0.8832789050000001,False,-3.516391238108188,-1.5379887127249328,-1.2682036583206473,0.4736154870227014,-0.8745112223668996,-0.20246040074211272,0.013750632,34.10632121690864,37.03875,10.077968333333168,3.7,31.0,5.9,4.795167490389896
b3c7,b3,4.8C(80%)-4.8C,True,1836.0,False,0.881934075,False,-4.487421812361014,-2.1543829845008835,-1.7660246318906991,-0.31655733990633544,-1.1715133068494883,-0.002796902906610766,0.015425878,32.77304781483688,34.252528221181315,11.038663333333291,4.8,80.0,4.8,4.8
b3c8,b3,5C(67%)-4C,True,828.0,False,0.88747507,False,-4.109640654356949,-1.9247642118750146,-1.5703403508022213,-0.19727217699029784,-1.2429268812025023,-0.0037627247990132625,0.01524828,33.04390415335477,35.07421004789892,10.043123333332671,5.0,67.0,4.0,4.804804804804805
b3c9,b3,5.3C(54%)-4C,True,1039.0,False,0.88450885,False,-3.9939576101373704,-1.8428532222122742,-1.53077956665048,-0.03277846944917191,-1.3142089421090284,0.00035056648113175604,0.015791984,33.07601025115482,35.090446,10.041699999999643,5.3,54.0,4.0,4.7936687394007915
b3c10,b3,4.8C(80%)-4.8C,True,1078.0,False,0.88327986,False,-4.4099246067294215,-2.0807013231425473,-1.7182628092520935,-0.22796675816152737,-1.1792599794469931,-0.0026797501546032636,0.015364289,32.50303224685033,34.77507297212849,11.038110000000112,4.8,80.0,4.8,4.8
b3c11,b3,5.6C(19%)-4.6C,True,817.0,False,0.8860174999999999,False,-3.896726877988431,-1.8099015180095066,-1.4717263025529188,-0.12595890276774158,-1.2528768024787007,-0.0181634836116267,0.015525201,34.19225857907117,37.655368824098645,10.04273000000006,5.6,19.0,4.6,4.803729603729604
b3c12,b3,5.6C(36%)-4.3C,True,932.0,False,0.8856360299999999,False,-3.9398583422941527,-1.8107595749493857,-1.494952254717381,0.006490341937428591,-1.2758881070586117,-0.0073845726654348945,0.016046006,33.212990713439474,35.568484208664884,10.042369999999938,5.6,36.0,4.3,4.8015952143569285
b3c13,b3,5.6C(19%)-4.6C,True,816.0,False,0.8857184650000001,False,-4.090024042413784,-1.92721982246187,-1.5566671904854605,-0.23712854400837696,-1.1807143428309959,-0.0124435417439718,0.015115934,34.15014439944665,37.2482678242083,10.04230333333253,5.6,19.0,4.6,4.803729603729604
b3c14,b3,5.6C(36%)-4.3C,True,858.0,False,0.88665989,False,-4.01536433554015,-1.8775601881932296,-1.533261333803243,-0.1839024521756024,-1.2897513384868775,0.003969684601113346,0.015552465,33.117643042164225,35.47502345780511,10.04188833333319,5.6,36.0,4.3,4.8015952143569285
b3c15,b3,5.9C(15%)-4.6C,True,876.0,False,0.88543278,False,-3.991596264415281,-1.8601857159948145,-1.522449033470844,-0.12916754832316857,-1.2850690313351478,-0.011654723562157672,0.01530268,33.519794073997424,36.870831,10.041688333333392,5.9,15.0,4.6,4.798232044198895
b3c16,b3,4.8C(80%)-4.8C,True,1638.0,False,0.8819537150000001,False,-4.684958313199335,-2.2516964615158273,-1.8585439951250575,-0.1203876013091073,-0.9834876467584532,-0.008697718614716254,0.015309919,34.92888018020305,37.83217519071075,11.040201666666933,4.8,80.0,4.8,4.8
b3c17,b3,5.3C(54%)-4C,True,1315.0,False,0.88284692,False,-4.4347635453947625,-2.116324954279892,-1.735318851227462,-0.03615367810342518,-0.9197597804487097,-0.008714567717999729,0.015411194,35.06723082368072,37.376862,10.042456666666356,5.3,54.0,4.0,4.7936687394007915
b3c18,b3,5.6C(19%)-4.6C,True,1146.0,False,0.882301805,False,-4.2361408052733385,-1.984615234881551,-1.6267304723034561,-0.2135996549917343,-1.0650985385563525,-0.02883132838590028,0.015010243,35.280443423631,37.975203924830794,10.043134999999893,5.6,19.0,4.6,4.803729603729604
b3c19,b3,5.6C(36%)-4.3C,True,1155.0,False,0.88276979,False,-4.152025460836121,-1.927224869058599,-1.5878423810589701,-0.11945875207062093,-1.116976402393648,-0.029900343846626008,0.015459507,35.08984138211982,37.91301,10.043324999999944,5.6,36.0,4.3,4.8015952143569285
b3c20,b3,5C(67%)-4C,True,813.0,False,0.88610357,False,-4.096326956205182,-1.9313253892771176,-1.5629790396007919,-0.31101567790824086,-1.1725624472133143,-0.007409868893011671,0.015252846,33.08547252807539,35.79166,10.043170000000584,5.0,67.0,4.0,4.804804804804805
b3c21,b3,3.7C(31%)-5.9C,True,772.0,False,0.88575581,False,-3.69302296781005,-1.6233247013691876,-1.3556601321773505,0.5049050540068984,-0.8416938334814486,-0.15969564749535972,0.01410858,34.91758897324508,37.90755540884585,10.075993333333463,3.7,31.0,5.9,4.795167490389896
b3c22,b3,5.9C(60%)-3.1C,True,1002.0,False,0.888442395,False,-4.045689718369744,-1.8632780030369693,-1.5490311248967303,0.08393697946789667,-1.2600370342562799,-0.016223771799632265,0.015678201,34.597043747589076,37.517666,10.042931666666602,5.9,60.0,3.1,4.813157894736842
b3c23,b3,4.8C(80%)-4.8C,True,,True,0.938040015,False,-4.573654829412055,-2.176121384818878,-1.8146611687436587,0.029447664789130582,-1.1343084383347433,-0.004951750773031695,0.015266636,34.92553122413779,38.197899,11.037766666666721,4.8,80.0,4.8,4.8
b3c24,b3,5C(67%)-4C,True,825.0,False,0.8861399299999999,False,-4.126906961197384,-1.9717764235115884,-1.5950004935511537,-0.3168711409929122,-1.2730145609387244,0.009677711193568977,0.015544878,34.66968715351998,37.26010052311683,10.04188833333319,5.0,67.0,4.0,4.804804804804805
b3c25,b3,5.3C(54%)-4C,True,989.0,False,0.886963485,False,-4.131881674898488,-1.9473186827163227,-1.5705431219728667,-0.3255463337884411,-1.1112958002231854,0.00718813976499282,0.01563515,35.56070366976667,38.929489,10.04240666666689,5.3,54.0,4.0,4.7936687394007915
b3c26,b3,5.6C(19%)-4.6C,True,1028.0,False,0.883627535,False,-4.2092593997088175,-1.981901588323364,-1.6098086948768415,-0.31103342410468127,-1.0824550820707708,-0.00022549350650038713,0.015588301,35.727245788497406,39.15223596818562,10.042310000000482,5.6,19.0,4.6,4.803729603729604
b3c27,b3,5.6C(36%)-4.3C,True,850.0,False,0.884523215,False,-4.110813329369719,-1.9491953290172517,-1.5643296999051237,-0.33282569455991384,-1.1391087082302551,-0.004346160791585312,0.014912465,35.295789900273746,38.491252741515034,10.044954999999996,5.6,36.0,4.3,4.8015952143569285
b3c28,b3,3.7C(31%)-5.9C,True,541.0,False,0.88388756,False,-3.4413421693731294,-1.5182515530093086,-1.2343548598227947,0.28365287460596084,-0.9909582248733639,-0.1981248256029755,0.013436742,35.70887859265695,39.54772083267917,10.083603333333546,3.7,31.0,5.9,4.795167490389896
b3c29,b3,5.9C(15%)-4.6C,True,858.0,False,0.8848989899999999,False,-4.050036075664458,-1.9215433188797624,-1.5430806300852127,-0.30811969512138304,-1.203739597217476,0.0037436425479280403,0.014814113,31.245662330516843,31.67163095783756,10.041565000000022,5.9,15.0,4.6,4.798232044198895
b3c30,b3,5.3C(54%)-4C,True,935.0,False,0.8862245950000001,False,-4.143468426315687,-1.959187237069381,-1.5856105635743816,-0.3271086974531235,-1.1339655214970952,-0.0036570024737189585,0.015566248,32.21872935332666,33.933659,10.043569999999212,5.3,54.0,4.0,4.7936687394007915
b3c31,b3,5.9C(60%)-3.1C,True,731.0,False,0.88734302,False,-3.823472128504606,-1.7727940089359795,-1.4406933481569062,-0.09722324757314775,-1.307164225143917,-0.009188109461966692,0.015866611,33.99144536550202,36.738033,10.045905000000493,5.9,60.0,3.1,4.813157894736842
b3c32,b3,4.8C(80%)-4.8C,True,,True,0.974497825,False,-4.700221009363091,-2.452147061269271,-1.9830896728831833,0.8978046296753847,1.2048348858545008,-0.011094305504030035,0.015362737,35.4421503912907,38.11301195399593,11.038458333333256,4.8,80.0,4.8,4.8
b3c33,b3,5C(67%)-4C,True,1284.0,False,0.88440913,False,-4.370589515925665,-2.078782377393973,-1.6877564311358375,-0.3838451954875736,-1.0364521706953245,-0.012800216450225114,0.015335715,33.07998489148884,34.25626779633584,10.043294999999732,5.0,67.0,4.0,4.804804804804805
b3c34,b3,5.3C(54%)-4C,True,1158.0,False,0.883557375,False,-4.293400663403529,-2.0135786762837613,-1.6617242734533288,-0.16659441081370607,-1.1554688551312442,-0.021270781076068432,0.015295491,35.77371585948215,39.028423,10.043899999999848,5.3,54.0,4.0,4.7936687394007915
b3c35,b3,5.6C(19%)-4.6C,True,1093.0,False,0.8831395200000001,False,-4.218237357481185,-1.9960524038412522,-1.6283715762403852,-0.2959521630119299,-1.1420949863322543,-0.01974376128633647,0.015367848,35.535286440181864,38.54007,10.043591666666423,5.6,19.0,4.6,4.803729603729604
b3c36,b3,5.6C(36%)-4.3C,True,923.0,False,0.8875082750000001,False,-4.236705340009495,-1.989871668710889,-1.6274086403197767,-0.21989800705842422,-1.114664648639003,-0.022126940630799678,0.015132029,35.86413922237587,39.416981,10.04348499999954,5.6,36.0,4.3,4.8015952143569285
b3c37,b3,4.8C(80%)-4.8C,True,1390.0,False,0.8839718999999999,False,-4.985631700514401,-2.789699672386482,-1.6130953344242782,-0.9839091842165846,7.583341351652656,-0.0027327254174329524,0.014754607,35.084601469110574,37.80948251653669,11.038366666666843,4.8,80.0,4.8,4.8
b3c38,b3,5C(67%)-4C,True,1935.0,False,0.88217318,False,-4.336641385857311,-2.034101776798055,-1.6846148377511914,-0.056939847084541355,-1.1901372561238346,-0.008975228818797264,0.015833518,34.74602722470309,37.770985,10.043544999999964,5.0,67.0,4.0,4.804804804804805
b3c39,b3,5.3C(54%)-4C,True,1156.0,False,0.88527098,False,-4.443138111354001,-2.1835246327462943,-1.75103494038074,-0.2986549867570685,-1.0598844115073323,-0.006719196042055489,0.015556182,33.86692809974586,36.07218472411868,10.043549999999717,5.3,54.0,4.0,4.7936687394007915
b3c40,b3,5.6C(19%)-4.6C,True,796.0,False,0.886049595,False,-4.309705344735928,-2.0394562571675654,-1.6553691900548495,-0.3310993539886821,-1.0529686986563336,-0.007929143475575884,0.015393349,34.03152142327656,37.53833377387797,10.043501666666513,5.6,19.0,4.6,4.803729603729604
b3c41,b3,5.6C(36%)-4.3C,True,786.0,False,0.885279,False,-4.199349675388194,-1.9955931191348162,-1.6088129682027832,-0.3079497374251733,-1.097186282764879,0.009456278911560947,0.018311786,33.623107492407975,36.653023,10.043064999999963,5.6,36.0,4.3,4.8015952143569285
b3c42,b3,4.8C(80%)-4.8C,True,1642.0,False,0.882407245,False,-4.384950768768629,-3.1711425096694064,-2.233378649442084,1.9132943157394566,2.7380842032800885,0.001601455782322044,0.016202541,32.864131481685966,35.30603,11.038346666666621,4.8,80.0,4.8,4.8
b3c43,b3,5C(67%)-4C,True,1046.0,False,0.8852112000000001,False,-4.152156360417729,-2.150195316996555,-1.6997295198818319,0.33314879708765394,-0.521040388057747,0.002911366110072632,0.01586833,33.69879575084625,36.686323184335926,10.043633333332643,5.0,67.0,4.0,4.804804804804805
b3c44,b3,5.3C(54%)-4C,True,940.0,False,0.887277875,False,-4.133080792014577,-1.9456031029311847,-1.5846520568879627,-0.21614312522428722,-1.2307585410502364,0.004447314162028943,0.01557065,33.33060419549598,36.371323,10.043413333332865,5.3,54.0,4.0,4.7936687394007915
b3c45,b3,4.8C(80%)-4.8C,True,1801.0,False,0.88184044,False,-4.505414004543061,-2.135137504880972,-1.7711676750484417,-0.32075301756410735,-1.1722516115695,-0.001045657390225783,0.015619206,32.71034965693371,34.68392877340343,11.03800666666648,4.8,80.0,4.8,4.8
